id,first_name,email
1,Svend,sgatch0@miitbeian.gov.cn
2,Brigid,bliveley1@biblegateway.com
3,Jessey,jsivior2@kickstarter.com
4,Melania,mfawlkes3@weebly.com
5,Sheelah,spiggen4@wunderground.com
6,Petey,pchartre5@etsy.com
7,Madelaine,mvossing6@w3.org
8,Boniface,bslany7@wp.com
9,Timmy,tferraresi8@home.pl
10,Kathlin,kruske9@oakley.com
11,Barney,bavissa@hatena.ne.jp
12,Corrianne,cklejnab@bing.com
13,Sharron,sfrenzelc@slate.com
14,Gilburt,gkillbyd@furl.net
15,Barde,bdykase@cornell.edu
16,Grazia,gcominottif@timesonline.co.uk
17,Cari,cbussensg@merriam-webster.com
18,Kerstin,khousbeyh@cornell.edu
19,Farly,fevendeni@apple.com
20,Biron,bscholej@elegantthemes.com
21,Philbert,pmoroneyk@dailymotion.com
22,Sim,sstrewtherl@noaa.gov
23,Bevin,briddlesdenm@vistaprint.com
24,Constantia,cpedwelln@wordpress.com
25,Prudy,pcredlando@macromedia.com
26,Avril,asafellp@omniture.com
27,Rosa,rgonneauq@xinhuanet.com
28,Johnette,jrimmerr@cargocollective.com
29,Jaquenetta,jjakovs@nba.com
30,Gus,gbowatert@simplemachines.org
31,Jose,jpflegeru@nyu.edu
32,Gabbi,gseifenmacherv@over-blog.com
33,Kay,khedgew@webs.com
34,Ernest,ehoonahanx@weather.com
35,Paulina,pkashery@slideshare.net
36,Selia,snodez@bbc.co.uk
37,Lonni,lmercer10@auda.org.au
38,Cordi,cstillert11@google.nl
39,Sander,scarberry12@squidoo.com
40,Dominica,dmcdermott13@theglobeandmail.com
41,Mari,mwarry14@sciencedirect.com
42,Hurley,hbrolly15@bbb.org
43,Regan,ralgy16@miitbeian.gov.cn
44,Idalina,ihartell17@eepurl.com
45,Hal,hhaddeston18@state.tx.us
46,Sonja,skneath19@wisc.edu
47,Idalia,idrennan1a@vistaprint.com
48,Katey,kfreeth1b@seesaa.net
49,Etan,ekeenlayside1c@theguardian.com
50,Reinaldos,rbatha1d@ucla.edu
51,Pryce,pverrall1e@printfriendly.com
52,Tawnya,tdollman1f@toplist.cz
53,Patricio,ppressdee1g@i2i.jp
54,Retha,rmorican1h@nba.com
55,Charin,cjeafferson1i@scientificamerican.com
56,Adorne,ataggerty1j@patch.com
57,Mame,moverstone1k@google.ru
58,Olga,obragg1l@bandcamp.com
59,Merilyn,mgalletley1m@squidoo.com
60,Aylmar,aemnoney1n@dailymail.co.uk
61,Bendix,bjemmison1o@mapy.cz
62,Rivy,rtapin1p@google.ru
63,Agace,aseathwright1q@seesaa.net
64,Cristine,ctownsend1r@4shared.com
65,Joey,jhawkings1s@weather.com
66,Link,lsevers1t@merriam-webster.com
67,Selle,srosser1u@google.com
68,Pauly,phenaughan1v@prnewswire.com
69,Morgan,msockell1w@answers.com
70,Hodge,hpovele1x@so-net.ne.jp
71,Sarene,spurple1y@msn.com
72,Isiahi,ilyburn1z@liveinternet.ru
73,Meggy,mramsby20@constantcontact.com
74,Rozina,rcannan21@webeden.co.uk
75,Wenona,wkinze22@typepad.com
76,Candace,cgosling23@disqus.com
77,Seth,sgreed24@e-recht24.de
78,Arnold,ahawkswell25@salon.com
79,Valma,vmalster26@google.it
80,Gaynor,goosthoutdevree27@wp.com
81,Donna,dbolzmann28@foxnews.com
82,Minetta,mpanswick29@livejournal.com
83,Karee,khillan2a@ucla.edu
84,Granny,galwood2b@sun.com
85,Normand,nbehning2c@state.tx.us
86,Byron,bmccullagh2d@is.gd
87,Davina,ddible2e@smh.com.au
88,Eberto,efrary2f@g.co
89,Arel,adudbridge2g@xinhuanet.com
90,Nance,ndugan2h@issuu.com
91,Valry,vdelagnes2i@baidu.com
92,Cyrille,colczyk2j@163.com
93,Cherice,cleadston2k@bing.com
94,Eachelle,esolano2l@nba.com
95,Averill,apurver2m@bloglines.com
96,Ayn,abellows2n@naver.com
97,Doroteya,dgluyas2o@scribd.com
98,Ivonne,ijaquin2p@sbwire.com
99,Darius,dtrenholme2q@macromedia.com
100,Adelle,amcelhargy2r@msu.edu

